Station,Code,Date,Time,Campaign,Responsible,Institution,River,Basin,Latitude,Longitude,Latitude Decimal,Longitude Decimal,Average Velocity (m/s),Flow (m3/s),Resistivity (Ohm.cm),Partial Pressure (mm Hg),pH,pH (mV),Specific Conductivity (T ref. 25°C) (uS/cm),Salinity (Sal),Temperature (°C),Dissolved Oxygen (mg/l O2),Oxygen Saturation (%),Turbidity (NTU),Total Solids (mg/l),Total Dissolved Solids (mg/l),Total Suspended Solids (mg/l),Color (u PtCo),Total Hardness (mg/l CaCO3),Phenolphthalein Alkalinity (mg/l CaCO3),Total Alkalinity (mg/l CaCO3),Chlorides (mg/l Cl-),Sulfates (mg/l SO4),Dissolved Calcium (mg/l Ca),Dissolved Magnesium (mg/l Mg),Dissolved Sodium (mg/l Na),Dissolved Potassium (mg/l K),Total Calcium (mg/l Ca),Total Magnesium (mg/l Mg),Total Sodium (mg/l Na),Total Potassium (mg/l K),Total Phosphorus (mg/l PO4),Dissolved Phosphorus (mg/l PO4),Ammoniacal Nitrogen (mg/l NH4),Nitrite (mg/l NO2),Nitrate (mg/l NO3),Total Kjeldahl Nitrogen (mg/l N),Biochemical Oxygen Demand (mg/l O2),Chemical Oxygen Demand (mg/l O2),Dissolved Organic Carbon (mg/l),Total Coliforms (CFU) (CFU/100 ml),Fecal Coliforms (CFU) (CFU/100 ml),Total Coliforms (MPN) (MPN/100 ml),Fecal Coliforms (MPN) (MPN/100 ml),Total Mesophilic Aerobes (CFU) (CFU/100 ml),Dissolved Bismuth (ug/l Bi),Total Bismuth (ug/l Bi),Dissolved Thallium (ug/l Tl),Total Thallium (ug/l Tl),Dissolved Chromium (ug/l Cr),Dissolved Manganese (ug/l Mn),Dissolved Nickel (ug/l Ni),Dissolved Copper (ug/l Cu),Dissolved Zinc (ug/l Zn),Dissolved Arsenic (ug/l As),Dissolved Cadmium (ug/l Cd),Dissolved Lead (ug/l Pb),Dissolved Silver (ug/l Ag),Dissolved Mercury (ug/l Hg),Dissolved Iron (ug/l Fe),Dissolved Boron (ug/l B),Dissolved Selenium (ug/l Se),Total Chromium (ug/l Cr),Total Manganese (ug/l Mn),Total Nickel (ug/l Ni),Total Copper (ug/l Cu),Total Zinc (ug/l Zn),Total Arsenic (ug/l As),Total Cadmium (ug/l Cd),Total Lead (ug/l Pb),Total Silver (ug/l Ag),Total Mercury (ug/l Hg),Total Iron (ug/l Fe),Total Boron (ug/l B),Total Selenium (ug/l Se),Cyanides (mg/l CN-),Free Cyanides (mg/l CN-),Sulfides (mg/l S),Phenols (mg/l C6H6O),Total Hydrocarbons (mg/l),Suspended Thallium (mg/kg Tl),Suspended Selenium (mg/kg Se),Suspended Zinc (mg/kg Zn),Suspended Lead (mg/kg Pb),Suspended Arsenic (mg/kg As),Suspended Bismuth (mg/kg Bi),Suspended Boron (mg/kg B),Suspended Cadmium (mg/kg Cd),Suspended Copper (mg/kg Cu),Suspended Chromium (mg/kg Cr),Suspended Iron (mg/kg Fe),Suspended Manganese (mg/kg Mn),Suspended Nickel (mg/kg Ni),Suspended Silver (mg/kg Ag)
Villamontes,BVI-150,30/11/2016,7:50,November 2016,Unidad de Monitoreo y Centro de Datos,Dirección Ejecutiva - Comisión Trinacional para el Desarrollo de la Cuenca del río Pilcomayo,Pilcomayo,Unidad 7,"21° 15' 31.8""","63° 30' 41.6""",-21.2588,-63.5116,1.365,207,1204,111.3,7.454,-50.4,826,0.3,24.1,9.56,56.3,1650,45033,648,44385,,233.4,5,220,119.3,51.6,55.41,22.76,102,8.2,55.92,23.05,103.3,8.2,,,,,,,60,70,,,,,,,0.05,16,0.05,12,0.9,731,3,1,0.7,2,0.05,0.1,0.05,0.02,203,183,1,636,16805,742,590,2412,261,6,1026,3,0.05,752440,532,12.5,,,0.0005,,,0.27,,54.33,22.93,5.84,0.36,7.86,0.14,13.29,14.31,16948,362.15,16.65,0.07
Misión La Paz - SNIH,AML-170,29/11/2016,13:45,November 2016,Unidad de Monitoreo y Centro de Datos,Dirección Ejecutiva - Comisión Trinacional para el Desarrollo de la Cuenca del río Pilcomayo,Pilcomayo,Cuenca Baja,"22° 22' 41.3""","62° 31' 6.6""",-22.3781,-62.5185,0.85,22,856,193.8,8.062,-85.8,1168,0.5,25.6,7.69,96.9,910,4250,710,3440,6,272,,107,198,173,68,24,124,8.2,,,,,,,0.025,0.015,,,3,13,,,,,,,0.05,1,0.05,0.5,0.5,5,2,2,0.4,2,0.05,0.1,0.05,0.02,197,171,1,49,1313,56,55,193,25,0.5,54,0.5,0.05,62028,422,12.5,,,,,,,,55.99,13.31,6.69,0.29,72.97,,15.41,14.1,17974.13,380.23,15.7,
El Puente,BEP-100,17/11/2016,10:55,November 2016,Unidad de Monitoreo y Centro de Datos,Dirección Ejecutiva - Comisión Trinacional para el Desarrollo de la Cuenca del río Pilcomayo,San Juan del Oro,Unidad 5,"21° 14' 21.4""","65° 12' 33.7""",-21.2392,-65.2094,0.172,0,481,184,8.032,-81.1,2080,1,23.1,7.59,118.5,14.8,1737,1710,27,,866.8,15,200,132.4,594.7,194.6,92.5,161.8,12.4,197.55,97.4,167.6,14.5,,,,,,,11,16,,,,,,,0.05,0.5,0.05,0.5,0.2,292,7,1,3,3,0.05,0.1,0.05,0.02,677,3360,1,1.5,411,12.5,12.5,12.5,4,0.5,1.5,0.5,0.05,1443,4800,12.5,,,0.0005,,,,,,,37.04,,53333.33,,,,28370.37,4407.41,,
Palca Grande,BPG-110,17/11/2016,8:20,November 2016,Unidad de Monitoreo y Centro de Datos,Dirección Ejecutiva - Comisión Trinacional para el Desarrollo de la Cuenca del río Pilcomayo,Tumusla,Unidad 4,"20° 44' 32.7""","65° 14' 26.1""",-20.7422,-65.2406,0.377,2,715,171.6,8.413,-101.5,1398,0.7,18.1,7.76,109.2,8.56,1109,1086,23,,409.8,10,155,56.9,470.8,74.3,54.47,91.9,11.3,77.25,59.36,91.9,12.4,,,,,,,2.5,1,,,,,,,0.05,0.5,0.05,0.5,1,87,3,1,2,6,0.05,0.1,0.05,0.02,265,1346,1,1.5,178,12.5,12.5,12.5,7,0.5,1.5,0.5,0.05,680,2067,12.5,,,0.0005,,,,,,,43.48,,31347.83,,,,18043.48,3956.52,,
Tacobamba - Agua arriba confluencia Pilcomayo - Tacobamba,BTC-116,16/11/2016,14:00,November 2016,Unidad de Monitoreo y Centro de Datos,Dirección Ejecutiva - Comisión Trinacional para el Desarrollo de la Cuenca del río Pilcomayo,Tacobamba,,"19° 8' 11.5""","65° 34' 4.2""",-19.1365,-65.5678,0.5,0,1150,,8.367,-101.9,871,0.35,26.95,5.63,100.6,48.8,629,562,67,,225.5,15,230,16.1,146.5,38.32,31.49,32.9,13.1,38.38,33,33.3,14.1,,,,,,,6,9,,,,,,,0.05,0.5,0.05,0.5,1,43,2,1,1,0.2,0.05,0.1,0.05,0.02,182,184,1,1.5,96,12.5,49,39,1.5,0.5,5,0.5,0.05,1545,363,12.5,,,0.0005,,,,,567.16,,,,2671.64,,731.34,,20343.28,791.04,,
Pilcomayo - Agua arriba confluencia Pilcomayo - Tacobamba,BPT-118,16/11/2016,10:55,November 2016,Unidad de Monitoreo y Centro de Datos,Dirección Ejecutiva - Comisión Trinacional para el Desarrollo de la Cuenca del río Pilcomayo,Pilcomayo,,19 7 57.3,65 34 24.5,-19.1326,-65.5735,0.672,3,819,167,8.645,-116.2,1222,0.6,21.9,7.04,114,125,849,728,121,,151.1,10,155,215,74.7,29.01,19.06,180.8,16.7,29.08,20.19,195.6,21.2,,,,,,,2.5,1,,,,,,,0.05,0.5,0.1,0.5,1,18,2,2,5,16,0.05,0.1,0.05,0.02,138,1686,1,11,192,12.5,27,202,29,0.5,12,0.5,0.05,4404,2969,12.5,,,0.0005,,,,,1628.1,,107.44,,10603.31,,206.61,82.64,35256.2,1438.02,,
Tarapaya,BTA-050,15/11/2016,15:50,November 2016,Unidad de Monitoreo y Centro de Datos,Dirección Ejecutiva - Comisión Trinacional para el Desarrollo de la Cuenca del río Pilcomayo,Tarapaya,Unidad 1,"19° 28' 18.4""","65° 47' 39.7""",-19.4718,-65.7944,0.271,0,,,7.647,-47.3,1917,0.9,22.8,4.36,69,,1366,1236,130,,502.6,15,205,185.5,487.9,157.82,25.47,177.9,35.2,159.28,25.84,177.9,37.3,,,,,,,24,32,,,,,,,0.05,1,0.3,1,1,1164,16,6,408,24,0.8,1,0.05,0.02,626,255,1,1.5,2160,27,73,4107,175,10,524,3,0.05,15370,716,12.5,,,0.0005,,,5.38,,28453.85,3760,1161.54,7.69,3546.15,70.77,515.38,,113415.38,7661.54,84.62,23.08
Colavi - Canutillos,BC7-113,15/11/2016,11:25,November 2016,Unidad de Monitoreo y Centro de Datos,Dirección Ejecutiva - Comisión Trinacional para el Desarrollo de la Cuenca del río Pilcomayo,Colavi,Unidad 1,"19° 19' 16.8""","65° 33' 6.9""",-19.3213,-65.5519,0.456,0,4360,132.6,7.681,-60.8,230,0,21.2,5.7,100.4,20.3,137,108,29,,84,2.5,30,17.6,2.9,13.26,12.29,2.1,1.7,13.38,13.42,2.1,1.9,,,,,,,11,16,,,,,,,0.05,0.5,0.05,0.5,0.1,1175,5,1,79,0.1,0.7,0.1,0.05,0.02,69,53,1,1.5,1597,12.5,66,340,1.5,1,1.5,0.5,0.05,3719,117,12.5,,,0.0005,,,,,9000,,,,2206.9,10.34,2275.86,,125862.07,14551.72,,
Villa Hayes,PVH-280,30/09/2016,9:00,September 2016,Unidad de Monitoreo y Centro de Datos,Dirección Ejecutiva - Comisión Trinacional para el Desarrollo de la Cuenca del río Pilcomayo,Confuso,,25 6 26.52,57 32 48.12,-25.1074,-57.5467,,,,,7.656,-59.1,4230,2.3,24,7.24,87.5,19.3,2558,2538.3,19.7,90,202.8,0,140.4,1054.1,288.3,35,24,800.1,85.14,40,25,820.25,99.55,0.33,0.22,0.41,0.032,0.173,0.298,7.8,55.9,,9800,80,,,,0.1,1.5,0.1,0.5,0.2,236,33,1,12,4,0.2,0.1,0.05,,400,,1,1.5,550,12.5,12.5,35,4,0.5,3,0.5,,1351,250,25,,,0.0005,0.0005,0.74,,1269.04,1167.51,,0,,,,,,48274.11,15939.09,,
Montelindo en ruta PY09,PR9M-260,29/09/2016,9:30,September 2016,Unidad de Monitoreo y Centro de Datos,Dirección Ejecutiva - Comisión Trinacional para el Desarrollo de la Cuenca del río Pilcomayo,Montelindo,,23 53 35.6,58 26 46.8,-23.8932,-58.4463,,,,,8.188,-90.7,47700,31.1,25.5,5.1,75,16.8,21475,21415.8,59.2,80,2947.2,54,526.5,15448.2,7875.2,960,133.08,14207,26.2,960,133.08,14316,30.14,5.24,4.16,0.343,0.011,0.022,0.401,15.9,559,,12000,120,,,,0.1,1.5,0.05,0.5,0.8,5,5,1,1,3,0.05,0.1,0.05,,316,1838,1,3,275,12.5,59,39,62,0.5,9,0.5,,3363,12264,128,,,0.0005,0.0005,0.54,,2162.16,658.78,,996.62,,176114.86,,996.62,37.16,51469.59,4560.81,,
Negro Ruta PY09,PR9N-230,29/09/2016,8:10,September 2016,Unidad de Monitoreo y Centro de Datos,Dirección Ejecutiva - Comisión Trinacional para el Desarrollo de la Cuenca del río Pilcomayo,Negro,,"24° 11' 21.96""","58° 17' 58.68""",-24.1894,-58.2996,,,,,7.815,-68.5,5670,3.1,23.9,5.23,63.9,59.7,3673,3610,63,175,408,0,167.4,1383.3,663,123,25,1200.1,24.72,123,25,1204.07,24.82,1.02,0.86,0.241,0.073,0.022,0.358,6.3,70.81,,8000,460,,,,0.1,1.5,0.05,0.5,0.4,27,2,1,1,4,0.05,0.1,0.05,,137,625,1,3,442,12.5,12.5,12.5,7,0.5,4,0.5,,3112,730,26,,,0.0005,0.0005,0.25,,412.7,,,47.62,,1666.67,,,41.27,47222.22,6587.3,,
Puente Loyola,APL-320,28/09/2016,11:35,September 2016,Unidad de Monitoreo y Centro de Datos,Dirección Ejecutiva - Comisión Trinacional para el Desarrollo de la Cuenca del río Pilcomayo,Pilcomayo,Cuenca Paraguay,"25° 15' 52.2""","57° 43' 28.62""",-25.2645,-57.7246,,,,,8.278,-95.7,4550,2.4,24.4,10.86,132.6,20.3,2998,2958,40,40,331.55,0,224.1,928.9,726.3,90.24,24.51,1000.1,40.51,91.5,25,1005.4,42.79,0.54,0.43,0.287,0.055,0.022,0.199,5.7,45.34,,19000,240,,,,0.1,1.5,0.05,0.5,11,1,6,1,2,2,0.05,0.1,0.05,,397,,1,1.5,351,12.5,12.5,12.5,5,0.5,1.5,0.5,,1424,,12.5,,,0.0005,0.0005,0.25,,,,,75,,,,,,25675,8775,,
Ruta 11,AR11-290,28/09/2016,9:30,September 2016,Unidad de Monitoreo y Centro de Datos,Dirección Ejecutiva - Comisión Trinacional para el Desarrollo de la Cuenca del río Pilcomayo,Montelindo,,"25° 47' 16.26""","58° 1' 16.74""",-25.7878,-58.0213,,,,,8.187,-89.5,4250,2.3,22.4,8.44,99.6,46.3,3005,2925.6,79.4,40,352,13.5,275.4,727,952.1,109.1,17.84,1007.54,18.1,110.17,18.54,1009.17,19.29,1.48,1.44,0.144,0.08,0.022,0.22,3.6,41.62,,24000,200,,,,0.1,1.5,0.05,0.5,6,51,8,4,3,10,0.05,0.1,0.05,,456,971,6,1.5,228,12.5,12.5,12.5,6,0.5,1.5,0.5,,1554,1380,12.5,,,0.0005,0.0005,0.82,,,,,,,5151.13,,,,13828.72,2229.22,,
General Bruguez,PGB-250,02/09/2016,13:15,September 2016,Unidad de Monitoreo y Centro de Datos,Dirección Ejecutiva - Comisión Trinacional para el Desarrollo de la Cuenca del río Pilcomayo,Pilcomayo,Chaco Paraguayo,"24° 44' 54.06""","58° 49' 59.22""",-24.7483,-58.8331,,,,,8.474,-107.7,32600,20.5,25.5,8.82,123.1,4.32,19059.1,19005,54.1,10,1586.18,83.7,515.7,10016.1,7600.9,465,95,10040.7,24.93,470,100,10045.2,25.41,2.16,0.07,0.0025,0.022,0.022,0.21,2.7,521.74,,42000,100,,,,0.1,1.5,0.05,0.5,0.6,43,3,1,6,10,0.05,0.1,0.05,,179,836,2,3,44,12.5,40,49,29,0.5,4,0.5,,1662,4648,83,,,0.0005,0.0005,0.62,,1497.23,794.82,,351.2,,70462.11,,739.37,44.36,27412.2,18.48,,
San Josecito,BSJ-130,01/09/2016,15:24,September 2016,Unidad de Monitoreo y Centro de Datos,Dirección Ejecutiva - Comisión Trinacional para el Desarrollo de la Cuenca del río Pilcomayo,Pilaya,Unidad 6,21 9 8.04,64 14 1.74,-21.1522,-64.2338,0.446,8,,,8.457,-107,1171,0.5,22.3,8.43,107.8,12.8,1014,986,22,24.5,552,31.25,156,56.8,512,90.9,77.9,90.5,7.86,95.2,85,97.5,11.5,0.015,0.09,,0.005,0.005,0.3,9.8,17,,,,900,34,18000,0.1,1.5,0.05,0.5,2,22,5,1,2,6,0.05,0.1,0.05,,314,908,1,1.5,59,12.5,12.5,12.5,5,0.5,1.5,0.5,,766,1303,12.5,,0.01,0.5,,0.019,,,,,,,17954.55,,,,20545.45,1681.82,,
Puente Aruma - Automática,BPA-140,01/09/2016,8:00,September 2016,Unidad de Monitoreo y Centro de Datos,Dirección Ejecutiva - Comisión Trinacional para el Desarrollo de la Cuenca del río Pilcomayo,Pilcomayo,Unidad 7,20 54 49.86,64 6 37.68,-20.9136,-64.1105,0.284,22,,,8.195,-90,1272,0.6,17.7,8.43,95.5,11.2,885,862,12,37.5,429,27.9,141,185,352,67.1,62.7,145,11.3,71.1,81,169,13.3,0.09,0.06,,,,0.1,13.7,15,,,,1500,90,52000,0.1,1.5,0.05,0.5,2,11,3,1,1,6,0.05,0.1,0.05,,228,542,1,1.5,49,12.5,12.5,12.5,4,0.5,1.5,0.5,,483,745,12.5,,0.01,0.5,0.0005,0.019,,,,,,,16916.67,,,,21250,3166.67,,
Villamontes,BVI-150,31/08/2016,17:00,August 2016,Unidad de Monitoreo y Centro de Datos,Dirección Ejecutiva - Comisión Trinacional para el Desarrollo de la Cuenca del río Pilcomayo,Pilcomayo,Unidad 7,21 15 31.5,63 30 41.52,-21.2588,-63.5114,0.221,23,,,8.311,-98,1466,0.7,20.6,8.52,100.4,14.8,970,940,16,62,390,28.7,144,295,279,72.9,50,163,9.03,73.8,69.2,183,15.5,0.09,0.06,,,,0.3,15.8,18,,,,280,17,17000,0.1,1.5,0.05,0.5,2,7,4,2,1,6,0.05,0.1,0.05,,255,536,1,1.5,38,12.5,12.5,31,4,0.5,1.5,0.5,,528,594,12.5,,0.01,0.5,0.0005,0.019,,,1937.5,,,,3625,,,,17062.5,1937.5,,
El Puente,BEP-100,30/08/2016,15:40,August 2016,Unidad de Monitoreo y Centro de Datos,Dirección Ejecutiva - Comisión Trinacional para el Desarrollo de la Cuenca del río Pilcomayo,San Juan del Oro,Unidad 5,"21° 14' 21.53""","65° 12' 34.45""",-21.2393,-65.2096,0.3,2,,,8.414,-103.1,1492,0.7,19,7.94,114.4,13.4,1322,1312,10,11,663.2,10,160,101.9,460.3,111.75,85.61,108.6,9.7,113.79,85.61,109.1,11.5,0.18,0.09,0.45,0.01,0.005,2.9,2.5,2,12,0,0,,,3,0.1,1.5,0.05,0.5,3,29,7,1,1,4,0.05,0.1,0.05,,438,1833,1,1.5,50,12.5,12.5,12.5,4,0.5,1.5,0.5,,1210,2715,12.5,,0.001,0.0005,0.0005,,,,,,0,,88200,,,,77200,2100,,
Palca Grande,BPG-110,30/08/2016,13:45,August 2016,Unidad de Monitoreo y Centro de Datos,Dirección Ejecutiva - Comisión Trinacional para el Desarrollo de la Cuenca del río Pilcomayo,Tumusla,Unidad 4,"20° 44' 32.22""","65° 14' 28.32""",-20.7422,-65.2412,0.428,3,,,8.338,-97.6,1297,0.6,15.5,8.42,111.8,59,1113,1062,51,18,498.2,10,130,74.9,349.9,74.49,68.98,81.3,9.9,74.49,68.98,88.3,11.8,0.09,0.09,0.49,0.01,2.15,2.2,5,7,39,4,1,,,23,0.1,1.5,0.05,0.5,2,140,6,1,2,7,0.05,0.1,0.05,,272,858,1,1.5,190,12.5,12.5,12.5,5,0.5,1.5,0.5,,1525,1000,12.5,,0.001,0.0005,0.0005,,,,,,,,2784.31,,,,24568.63,980.39,,
Marca Borrada,AMB-165,16/08/2016,13:15,August 2016,Unidad de Monitoreo y Centro de Datos,Dirección Ejecutiva - Comisión Trinacional para el Desarrollo de la Cuenca del río Pilcomayo,Pilcomayo,,"22° 12' 48.84""","62° 41' 16.92""",-22.2136,-62.688,,,,,8.203,-85.6,1253,0.6,26.7,7.62,99.2,304,1186,825,361,6,302,,94,186,337,71,30.3,162,8.2,,,,,,,0.1,0.015,,,1,9,,,,7500,91,,0.1,1.5,0.05,0.5,1,18,4,2,1,4,0.05,0.1,0.05,,255,505,1,4,194,12.5,12.5,35,5,0.5,7,0.5,,6607,677,12.5,,,,0.0005,0.019,,,96.95,,2.77,,476.45,,,8.31,17595.57,487.53,,
María Cristina,AMC-190,15/08/2016,13:45,August 2016,Unidad de Monitoreo y Centro de Datos,Dirección Ejecutiva - Comisión Trinacional para el Desarrollo de la Cuenca del río Pilcomayo,La Estrella,Bañado La Estrella,"22° 40' 4.26""","62° 12' 31.44""",-22.6679,-62.2087,,,,,8.163,-83,1337,0.6,25.5,7.72,98.1,618,1026,876,150,4,302,,136,196,345,65,34,191,6.5,,,,,,,0.025,0.03,,,2,8,,,,2300,91,,0.1,1.5,0.05,0.5,1,19,4,2,1,3,0.05,0.1,0.05,,240,480,1,8,428,12.5,12.5,64,10,0.5,16,0.5,,14754,690,12.5,,,,0.0005,0.019,,,426.67,63.33,46.67,,1400,,,46.67,96760,2726.67,,
El Potrillo,AEP-180,15/08/2016,10:15,August 2016,Unidad de Monitoreo y Centro de Datos,Dirección Ejecutiva - Comisión Trinacional para el Desarrollo de la Cuenca del río Pilcomayo,La Estrella,Bañado La Estrella,"23° 8' 17.58""","61° 57' 49.68""",-23.1381,-61.9638,,,,,8.187,-83.6,1305,0.6,22.7,7.8,93.4,799,1982,788,1194,8,295,,121,189,285,66,32,169,6.9,,,,,,,0.07,0.015,,,1,5,,,,430,430,,0.1,1.5,0.05,0.5,1,1,4,2,1,3,0.05,0.1,0.05,,252,482,1,1.5,744,27,31,91,11,0.5,20,0.5,,19847,1147,12.5,,,,0.0005,0.019,,,76.21,10.97,6.7,,556.95,,24.29,,16411.22,623.12,19.26,
Ruta 28-Vertedero,AR28-300,14/08/2016,14:15,August 2016,Unidad de Monitoreo y Centro de Datos,Dirección Ejecutiva - Comisión Trinacional para el Desarrollo de la Cuenca del río Pilcomayo,La Estrella,Bañado La Estrella,"24° 21' 31.38""","60° 18' 22.86""",-24.3587,-60.3064,,,,,7.467,-42.4,987,0.4,19.8,7.21,81.4,0.5,628,594,34,18,291,,153,110,286,73,26,110,6.9,,,,,,,0.025,0.015,,,1,19,,,,150,15,,0.1,1.5,0.05,0.5,2,4,4,1,1,2,0.05,0.1,0.05,,267,266,1,1.5,7,12.5,12.5,12.5,1.5,0.5,1.5,0.5,,364,360,12.5,,,,0.0005,0.019,,,,,,,2764.71,,,,2852.94,88.24,,
Salida Laguna Salada,ASL-270,14/08/2016,10:00,August 2016,Unidad de Monitoreo y Centro de Datos,Dirección Ejecutiva - Comisión Trinacional para el Desarrollo de la Cuenca del río Pilcomayo,Salada,,"24° 41' 46.8""","59° 49' 2.82""",-24.6961,-59.8172,,,,,7.947,-69.5,2340,1.2,19.6,7.69,86,217.2,1608,1358,250,29,368,,205,291,755,85,38,395,7.8,,,,,,,0.025,0.015,,,1,34,,,,4300,36,,0.1,1.5,0.05,0.5,2,60,4,2,1,3,0.05,0.1,0.05,,281,680,1,5,184,12.5,12.5,45,3,0.5,5,0.5,,3149,897,12.5,,,,0.0005,0.019,,,180,,0,,868,,,12,11472,496,,
Liviara,ALI-020,11/08/2016,11:00,August 2016,Unidad de Monitoreo y Centro de Datos,Dirección Ejecutiva - Comisión Trinacional para el Desarrollo de la Cuenca del río Pilcomayo,Orosmayo,,22 31 46.14,66 20 59.46,-22.5295,-66.3499,0.271,0,,,8.362,-86.6,994,0.4,1.3,8.45,95,11.97,683,646,29,61,214,23.7,122,234,185,47.1,23.1,130,12.3,50.2,26.2,136,13.6,0.34,0.18,,,,0.37,5.8,52,,,,16,0.5,58,0.1,1.5,0.2,0.5,0.5,9,2,2,30,14,0.3,0.1,0.05,,116,2072,3,1.5,19,12.5,12.5,53,13,0.5,1.5,0.5,,543,6556,12.5,,20.02,0.5,0.0005,0.019,,,793.1,,,,154620.69,,,,14724.14,344.83,,
La Quiaca,ALQ-040,10/08/2016,9:30,August 2016,Unidad de Monitoreo y Centro de Datos,Dirección Ejecutiva - Comisión Trinacional para el Desarrollo de la Cuenca del río Pilcomayo,La Quiaca,Unidad 5,"22° 5' 51.48""","65° 35' 9.48""",-22.0975,-65.5858,0.367,0,,,8.591,-100.2,872,0.4,6.5,6.18,75.3,146,558,458,100,43,134.2,,240,135.1,71,23.5,18.34,74.3,14.6,23.5,18.48,79.7,14.6,8.09,7.79,38.77,0.01,1.91,39.2,101,119,40,81000,72000,,,120,0.1,1.5,0.05,0.5,0.6,42,3,1,5,10,0.05,0.1,0.05,,171,863,2,4,76,12.5,25,157,12,0.5,9,0.5,,1661,994,12.5,,0.001,0.179,0.006,0.019,,,1520,,20,,1310,,250,34,14900,340,,
Chuquiago,BCH-060,03/08/2016,17:30,August 2016,Unidad de Monitoreo y Centro de Datos,Dirección Ejecutiva - Comisión Trinacional para el Desarrollo de la Cuenca del río Pilcomayo,San Juan del Oro,Unidad 5,"21° 33' 39.6""","65° 38' 50.52""",-21.561,-65.6474,0.782,2,,,8.739,-115.5,1238,0.6,15.5,7.07,100.5,42,1090,1044,46,16,450.9,20,170,56.5,296.1,90.56,54.59,89.5,7,94,56.44,88.9,7,0.31,0.25,0.41,0.03,2.62,4.3,10,13,76,25,3,,,160,0.1,1.5,0.05,0.5,1,5,5,1,1,3,0.05,0.1,0.05,,315,1889,1,1.5,60,12.5,12.5,12.5,3,0.5,1.5,0.5,,1601,2574,12.5,,0.001,0.005,0.0005,0.019,,,,,0,,14891.3,,,,27956.52,1195.65,,
La Angostura,BTP-090,03/08/2016,16:20,August 2016,Unidad de Monitoreo y Centro de Datos,Dirección Ejecutiva - Comisión Trinacional para el Desarrollo de la Cuenca del río Pilcomayo,Tupiza,Unidad 5,"21° 30' 15.66""","65° 42' 21.84""",-21.5044,-65.7061,0.539,1,,,8.26,-89,1616,0.8,16.7,5.93,87,89.4,1431,1366,65,25,702.5,5,190,61.3,,107.76,105.26,88.3,8,107.76,105.63,88.9,8.1,1.29,0.86,3.98,0.01,3.7,2.9,18,21,12,60,44,,,2,0.1,1.5,0.05,0.5,12,1,5,1,2,1,0.05,0.1,0.05,,367,1322,1,1.5,52,12.5,12.5,27,1.5,0.5,6,0.5,,2601,1862,12.5,,0.001,0.006,0.0005,0.019,,,384.62,,,,8307.69,,,,34369.23,800,,
Cotagaita,BCO-070,03/08/2016,14:00,August 2016,Unidad de Monitoreo y Centro de Datos,Dirección Ejecutiva - Comisión Trinacional para el Desarrollo de la Cuenca del río Pilcomayo,Cotagaita,Unidad 4,"20° 49' 15.24""","65° 40' 1.98""",-20.8209,-65.6672,0.637,1,,,8.275,-91.2,1753,0.9,20.7,7.26,112.5,134,1908,1732,176,5,667.1,5,70,41.5,,105.47,97.34,76.4,8.7,106.61,98.82,76.9,9.5,0.21,0.09,0.67,0.01,1.79,2.9,2.5,1,1,18,3,,,2,0.1,1.5,0.1,0.5,0.1,231,30,1,12,4,0.2,0.1,0.05,,382,1129,1,5,537,45,12.5,163,15,0.5,8,0.5,,6946,1886,12.5,,0.001,0.0005,0.0005,0.019,,,857.95,,62.5,,4301.14,,,27.84,37295.45,1738.64,85.23,
Tumusla,BTU-080,03/08/2016,12:00,August 2016,Unidad de Monitoreo y Centro de Datos,Dirección Ejecutiva - Comisión Trinacional para el Desarrollo de la Cuenca del río Pilcomayo,Tumusla,Unidad 4,"20° 29' 13.26""","65° 37' 7.86""",-20.4869,-65.6189,0.487,3,,,8.4,-95.9,698,0.3,14.4,8,107.2,119,585,490,95,27,118.8,5,115,40.6,152,21.78,15.65,57.3,6.8,21.9,16.17,58.9,7.7,0.31,0.31,0.22,0.01,2.27,4.3,2.5,3,16,28,0,,,70,0.1,1.5,0.05,0.5,0.4,27,2,1,1,4,0.05,0.1,0.05,,134,654,1,1.5,244,12.5,31,43,5,0.5,5,0.5,,4647,955,12.5,,0.001,0.005,0.0005,0.019,,,452.63,,10.53,,3168.42,,326.32,,47505.26,2284.21,,
Tarapaya,BTA-050,02/08/2016,17:40,August 2016,Unidad de Monitoreo y Centro de Datos,Dirección Ejecutiva - Comisión Trinacional para el Desarrollo de la Cuenca del río Pilcomayo,Tarapaya,Unidad 1,"19° 28' 18.72""","65° 47' 36.84""",-19.4717,-65.7936,0.597,1,,,7.584,-49.8,1110,0.5,11.9,6.17,86.1,299,1055,732,323,29,264.9,2.5,105,79.1,263.2,82.53,14.29,85.5,24.7,84.83,14.44,85.5,25.7,3.74,0.15,13.87,0.01,1.91,5.7,54,77,28,14,0,,,180,0.1,3,0.1,0.5,1,1044,16,63,1241,22,4,0.6,0.05,,416,280,1,8,1625,12.5,368,10203,253,41,296,9,,23913,306,12.5,,0.001,0.005,0.0005,0.15,,,27746.13,839.94,715.17,9.29,80.5,114.55,944.27,21.67,72746.13,1798.76,,27.86
San Antonio - Potosí,BSA-030,02/08/2016,16:20,August 2016,Unidad de Monitoreo y Centro de Datos,Dirección Ejecutiva - Comisión Trinacional para el Desarrollo de la Cuenca del río Pilcomayo,Aljamayu,Unidad 1,"19° 34' 41.76""","65° 48' 11.7""",-19.5781,-65.8031,0.469,0,,,7.73,-58.2,1290,0.6,13.6,4.67,69.3,471,1334,754,580,60,135,2.5,235,109.1,213.4,34.39,11.92,115.5,38.8,35.53,12.22,118.4,38.8,15.58,2.61,63.52,0.01,10.49,113.4,235,277,85,8100,7200,,,100,0.1,1.5,0.1,0.5,0.7,1393,13,25,2026,30,6,0.1,0.05,,472,340,1,6,1815,12.5,412,12140,287,39,283,6,,28789,376,12.5,,0.001,0.023,0.005,0.067,,,17437.93,421.03,443.1,,62.07,56.9,667.24,9.14,48822.41,727.59,,10.34
Pilcomayo - Agua arriba confluencia Pilcomayo - Tacobamba,BPT-118,02/08/2016,11:50,August 2016,Unidad de Monitoreo y Centro de Datos,Dirección Ejecutiva - Comisión Trinacional para el Desarrollo de la Cuenca del río Pilcomayo,Pilcomayo,,"19° 7' 56.04""","65° 34' 18.78""",-19.1322,-65.5719,0.772,4,,,8.257,-87.6,1061,0.5,12.4,8.33,108.7,123,808,684,14,26,167,5,130,178.1,113.4,32.09,21.1,153.5,12,33.24,21.39,155.3,13,0.31,0.25,0.27,0.43,11.33,2.9,10,16,10,5,0,,,12,0.1,1.5,0.1,0.5,0.4,188,3,5,117,15,0.5,0.1,0.05,,182,696,1,3,528,12.5,45,1066,61,4,46,0.5,,6994,1394,12.5,,0.001,0.0005,0.0005,0.019,,,67785.71,2428.57,3285.71,,49857.14,250,2857.14,185.71,486571.43,24285.71,,
Tacobamba - Agua arriba confluencia Pilcomayo - Tacobamba,BTC-116,02/08/2016,11:05,August 2016,Unidad de Monitoreo y Centro de Datos,Dirección Ejecutiva - Comisión Trinacional para el Desarrollo de la Cuenca del río Pilcomayo,Tacobamba,,"19° 8' 10.02""","65° 34' 4.26""",-19.1361,-65.5678,0.871,0,,,8.414,-98.5,681,0.3,18.8,6.78,101.6,69,563,488,75,2,187.5,15,200,7.3,158,34.39,24.68,20.8,4.4,35.53,24.68,20.9,4.4,0.21,0.12,0.23,0.01,0.005,2.9,11,13,9,30,0,,,30,0.1,1.5,0.05,0.5,0.7,259,4,0.4,4,0.2,0.3,0.1,0.05,,185,149,1,3.1,406,12.5,45,163,2,2,4,0.5,,5573,139,12.5,,0.001,0.0005,0.0005,0.019,,,2120,,24,,,22.67,594.67,32,71840,1960,,
Potosí - Naciente río La Ribera,BNR-010,01/08/2016,17:00,August 2016,Unidad de Monitoreo y Centro de Datos,Dirección Ejecutiva - Comisión Trinacional para el Desarrollo de la Cuenca del río Pilcomayo,De la Ribera,Unidad 1,"19° 36' 7.30""","65° 44' 4.50""",-19.602,-65.7346,,,,,6.93,-12.9,204,0,5,4.28,55.6,0.52,60,60,0.5,1,44.6,2.5,65,4.4,28,13.31,2.75,8.7,3,13.87,2.78,8.8,3.2,0.21,0.15,0.03,0.01,0.005,4.3,2.5,1,1,3,1,,,1,0.1,1.5,0.05,0.5,0.1,7,1,1,51,9,0.7,0.1,0.05,,65,158,1,1.5,11,12.5,12.5,60,9,0.5,1.5,0.5,,154,150,12.5,,0.001,0.0005,0.0005,,,,9000,,0,,,,,,89000,4000,,
Colavi - Canutillos,BC7-113,01/08/2016,13:50,August 2016,Unidad de Monitoreo y Centro de Datos,Dirección Ejecutiva - Comisión Trinacional para el Desarrollo de la Cuenca del río Pilcomayo,Colavi,Unidad 1,"19° 19' 17.7""","65° 33' 9.54""",-19.3216,-65.5527,0.578,0,,,7.271,-32.5,207,0,14.1,6.66,100.3,19.6,143,118,25,9,49.3,2.5,20,4.5,65,9,6.51,1.7,1.9,9,6.66,1.7,1.9,0.06,0.06,0.03,0.01,2.03,4.3,2.5,7,8,0,0,,,4,0.1,1.5,0.05,0.5,1,1737,8,2,218,0.2,2,3,0.05,,61,47,1,1.5,1869,12.5,150,506,2,2.5,3,0.5,,5452,47,12.5,,0.001,0.0005,0.0005,0.019,,,11520,44,72,,0,20,5920,,215640,5280,,
Puente Mendez,BPM-120,01/08/2016,10:00,August 2016,Unidad de Monitoreo y Centro de Datos,Dirección Ejecutiva - Comisión Trinacional para el Desarrollo de la Cuenca del río Pilcomayo,Pilcomayo,Unidad 2,"19° 21' 26.76""","65° 10' 23.64""",-19.3574,-65.1732,0.728,7,,,8.305,-90,1389,0.6,11.7,8.77,105.3,72.3,880,828,52,15,213.4,10,145,129.5,99,44.15,25.05,176.8,11.1,44.49,25.92,182.6,11.1,0.55,0.49,0.43,13.04,9.18,5.7,2.5,8,8,25,16,,,12,0.1,1.5,0.05,0.5,8,10,4,4,20,14,0.2,0.1,0.05,,213,593,1,1.5,146,12.5,49,355,26,1.3,31,0.5,,2807,1061,12.5,,0.001,0.0005,0.0005,0.019,,,6442.31,382.69,230.77,,9000,21.15,865.38,,49884.62,2615.38,,
Misión La Paz - SNIH,AML-170,18/05/2016,12:40,May 2016,Unidad de Monitoreo y Centro de Datos,Dirección Ejecutiva - Comisión Trinacional para el Desarrollo de la Cuenca del río Pilcomayo,Pilcomayo,Cuenca Baja,"22° 22' 41.28""","62° 31' 6.9""",-22.3781,-62.5186,,,1372,184.6,7.93,-67.6,729,0.3,19.1,8.21,91,800,3548,574,2974,2,224,,100,97,130,57,20,63,5.1,,,,,,,0.06,0.06,8,,1,,,,,,,,0.1,1.5,0.05,1,4,32,2,1,2,2,0.05,2,0.05,,96,23,1,85,1335,72,72,281,40,0.5,73,0.5,,82847,148,12.5,,,,,,0.34,,93.81,22.83,12.78,,42.03,,24.21,27.24,27824.82,438.13,23.54,
Villamontes,BVI-150,17/05/2016,16:15,May 2016,Unidad de Monitoreo y Centro de Datos,Dirección Ejecutiva - Comisión Trinacional para el Desarrollo de la Cuenca del río Pilcomayo,Pilcomayo,Unidad 7,21 15 28.32,63 30 40.14,-21.2579,-63.5112,0.577,89,1622,195.1,7.964,-69.2,616,0.2,18.9,8.71,98.3,71.3,551,417,106,,161,15.1,77.3,83.3,119,36.3,17,50.9,3.09,37.2,17.8,54.3,3.62,,,,,,,4.95,29,,,,,,,0.1,1.5,0.05,0.5,2,4,1,1,2,2,0.05,1,0.05,,69,22,1,25,110,6,9,55,6,0.5,8,0.5,,5096,117,12.5,0.01,,0.01,,,,,500,46.32,37.74,,896.23,,84.91,216.98,47424.53,1000,56.6,
El Puente,BEP-100,16/05/2016,16:35,May 2016,Unidad de Monitoreo y Centro de Datos,Dirección Ejecutiva - Comisión Trinacional para el Desarrollo de la Cuenca del río Pilcomayo,San Juan del Oro,Unidad 5,"21° 14' 21.8""","65° 12' 31.3""",-21.2392,-65.2087,0.349,3,715,161.5,8.497,-100.3,1399,0.7,20.3,7.04,104.2,40.3,1182,1138,44,,371,5,145,65.5,455.2,28.85,72.61,93.1,7.4,40.88,75.2,111.2,7.7,,,,,,,2.5,1,,,,,,,0.1,1.5,0.05,0.5,6,16,3,1,3,3,0.05,2,0.05,,252,194,1,23,50,6,55,69,6,0.5,20,0.5,,1942,967,12.5,,,0.008,,,,,1500,286.36,68.18,,17568.18,,1250,386.36,38409.09,772.73,68.18,
Palca Grande,BPG-110,16/05/2016,15:00,May 2016,Unidad de Monitoreo y Centro de Datos,Dirección Ejecutiva - Comisión Trinacional para el Desarrollo de la Cuenca del río Pilcomayo,Tumusla,Unidad 4,"20° 44' 32.1""","65° 14' 28.2""",-20.7422,-65.2412,0.473,4,818,,8.424,-95.3,1222,0.6,18.4,7.2,104.1,104,1112,1040,73,,441.2,5,130,42.9,442.5,41.68,81.88,86,8,52.9,85.96,94.7,8.6,,,,,,,2.5,3,,,,,,,0.1,1.5,0.05,0.5,5,44,3,1,3,6,0.05,2,0.05,,163,100,1,23,215,9,10,99,13,0.5,8,0.5,,4369,525,12.5,,,0.0005,,,,,1315.07,0,95.89,,5821.92,,136.99,246.58,57616.44,2342.47,82.19,
Tacobamba - Agua arriba confluencia Pilcomayo - Tacobamba,BTC-116,20/04/2016,12:15,April 2016,Unidad de Monitoreo y Centro de Datos,Dirección Ejecutiva - Comisión Trinacional para el Desarrollo de la Cuenca del río Pilcomayo,Tacobamba,,"19° 7' 58.2""","65° 34' 19.74""",-19.1328,-65.5722,1,0,1409,146.9,8.56,-96.2,709,0.3,22.3,6.18,100.1,,2266,538,1729,,346,,190,4.5,179.2,56.11,50,17.6,7.4,56.11,51.53,17.7,8.8,,,,,,,2.5,1,,,,,,,0.1,1.5,0.05,0.5,5,9,2,1,2,0.3,0.05,2,0.05,,144,12,1,61,1195,46,43,137,18,0.5,36,0.5,,56480,84,12.5,,,0.0005,,,,,78.08,16.54,10.24,,41.64,,24.87,32.39,32583,685.95,25.45,
Pilcomayo - Agua arriba confluencia Pilcomayo - Tacobamba,BPT-118,20/04/2016,11:20,April 2016,Unidad de Monitoreo y Centro de Datos,Dirección Ejecutiva - Comisión Trinacional para el Desarrollo de la Cuenca del río Pilcomayo,Pilcomayo,,"19° 7' 55.64""","65° 34' 17.70""",-19.1321,-65.5716,1.306,11,790,142.5,8.137,-70.6,1266,0.6,16.6,6.65,95.8,,9767,844,8923,,333.1,,160,184,174.8,96.19,22.56,117.9,11.1,97.79,23.39,123.6,12.7,,,,,,,10,42,,,,,,,0.1,59,0.2,12,4,357,3,2,66,15,0.05,2,0.05,,197,77,1,251,5222,192,1088,13193,1988,118,1900,84,,262542,700,12.5,,,0.0005,,,1.32,,1471.14,211.69,221.11,6.61,69.82,13.22,121.71,27.68,29400.99,545.22,21.18,9.41
Tarapaya,BTA-050,19/04/2016,16:15,April 2016,Unidad de Monitoreo y Centro de Datos,Dirección Ejecutiva - Comisión Trinacional para el Desarrollo de la Cuenca del río Pilcomayo,Tarapaya,Unidad 1,19 28 19.74,65 47 39.96,-19.4722,-65.7944,,,801,71.3,6.875,-1.6,1249,0.6,15.9,3.36,51.3,1650,10750,725,10410,,538,12.7,64.8,66.9,524,171,13.1,26.5,59.9,912,270,286,172,,,,,,,41.1,1438,,,,,,,0.1,46,0.1,18,2,2734,20,3,4962,34,5,2,0.05,,2911,29,1,379,8842,367,2841,44561,2805,330,2868,83,,406334,499,12.5,0.01,,0.5,,,1.72,,3803.94,269.75,266.19,4.42,45.15,31.22,272.62,36.22,38753.41,586.74,33.33,7.97
Colavi - Canutillos,BC7-113,19/04/2016,12:35,April 2016,Unidad de Monitoreo y Centro de Datos,Dirección Ejecutiva - Comisión Trinacional para el Desarrollo de la Cuenca del río Pilcomayo,Colavi,Unidad 1,19 19 17.16,65 33 9.42,-19.3214,-65.5526,0.47,0,2.93,134.7,6.821,-1.6,341,0.1,15.1,6.48,99.8,126.7,375,198,105,,154,1.095,5.62,3.41,155,26.8,20.8,2.83,1.94,30.2,21.7,3.35,5.52,,,,,,,6.5,18,,,,,,,0.1,1.5,0.05,0.5,0.9,3765,25,35,1004,0.1,5,2,0.05,,425,5,1,13,4492,32,257,943,3,5,10,0.5,,8207,51,12.5,0.01,,0.5,,,,,,76.76,28.57,,438.1,0,2114.29,115.24,74114.29,6923.81,66.67,